timestamp_ms,frame_time_ms,fps
0.063,91.075,10.980
91.178,0.845,1184.127
92.032,2.739,365.092
94.783,0.883,1132.012
95.682,1.681,594.713
97.375,2.042,489.610
99.427,5.946,168.189
105.386,116.357,8.594
221.763,0.501,1994.253
222.268,0.638,1568.571
222.917,2.233,447.730
225.170,11.080,90.252
236.288,2.206,453.334
238.597,1.687,592.622
240.315,1.944,514.356
242.295,9.875,101.265
252.232,2.151,464.918
254.392,1.208,827.547
255.644,1.395,716.679
257.071,2.108,474.280
259.214,9.375,106.662
268.657,2.107,474.675
270.773,1.235,809.407
272.040,1.423,702.864
273.496,2.346,426.299
275.877,3.651,273.893
279.605,1.992,502.053
281.626,1.185,843.847
282.838,1.381,723.856
284.258,1.415,706.594
285.699,1.399,714.700
287.139,1.314,761.248
288.494,1.344,743.863
289.874,2.482,402.869
292.397,3.568,280.253
295.995,1.813,551.573
297.846,1.152,867.850
299.025,1.319,757.943
300.387,1.430,699.393
301.841,1.424,702.396
303.304,1.455,687.063
304.792,1.409,709.967
306.232,2.076,481.646
308.351,4.388,227.899
312.799,1.551,644.730
314.388,1.216,822.170
315.629,1.394,717.566
317.069,1.790,558.739
318.891,1.559,641.640
320.478,1.304,766.948
321.810,1.424,702.381
323.264,2.336,428.130
325.638,3.920,255.071
329.612,1.698,588.775
331.319,1.344,744.055
332.722,1.277,783.275
334.024,1.323,755.765
335.398,1.333,750.241
336.759,1.452,688.586
338.248,1.580,633.103
339.860,2.054,486.914
341.954,4.171,239.736
346.172,1.588,629.646
347.767,1.368,730.902
349.174,1.391,719.150
350.597,1.248,801.190
351.881,1.373,728.539
353.294,1.498,667.665
354.815,1.367,731.671
356.211,1.904,525.211
358.161,3.955,252.854
362.181,1.723,580.338
363.935,1.209,826.908
365.181,1.389,720.010
366.602,1.240,806.208
367.882,1.407,710.530
369.329,1.727,578.975
371.102,1.566,638.641
372.704,1.893,528.183
374.627,4.241,235.786
378.922,1.280,781.366
380.224,1.579,633.458
381.843,1.254,797.748
383.127,1.450,689.599
384.630,1.379,725.206
386.038,1.390,719.357
387.463,1.780,561.752
389.283,1.426,701.335
390.756,5.078,196.934
395.843,1.066,938.063
396.931,1.248,801.072
398.217,1.335,749.329
399.594,1.235,809.752
400.852,1.338,747.652
402.217,1.348,741.953
403.601,1.204,830.645
404.839,1.301,768.482
406.173,1.656,603.875
407.892,4.350,229.908
412.250,1.482,674.726
413.773,1.276,783.851
415.083,1.372,729.119
416.527,1.339,746.894
417.899,1.431,698.694
419.375,1.333,750.242
420.741,1.245,803.061
422.020,1.414,707.429
423.475,2.611,382.993
426.129,3.820,261.786
429.982,1.278,782.706
431.298,1.398,715.281
432.731,1.325,754.509
434.091,1.387,720.831
435.570,1.369,730.590
436.985,1.283,779.699
438.300,1.309,764.195
439.642,2.263,441.831
441.968,3.805,262.819
445.813,1.272,786.349
447.112,1.222,818.268
448.359,1.292,773.752
449.690,1.229,813.773
450.953,1.264,791.236
452.250,1.363,733.587
453.644,1.277,782.993
454.947,1.371,729.330
456.348,2.449,408.320
458.851,3.556,281.192
462.463,1.320,757.300
463.812,1.204,830.554
465.048,1.326,754.318
466.416,1.370,730.114
467.819,1.217,821.954
469.065,1.353,739.270
470.452,1.358,736.578
471.859,1.165,858.077
473.054,2.619,381.883
475.712,3.605,277.388
479.355,1.395,716.873
480.774,1.299,770.080
482.106,1.277,783.047
483.409,1.291,774.355
484.727,1.273,785.595
486.027,1.419,704.963
487.474,1.268,788.527
488.768,1.255,796.855
490.052,2.760,362.265
492.875,3.337,299.630
496.261,1.304,766.584
497.588,1.209,827.430
498.835,1.337,747.790
500.210,1.481,675.281
501.723,1.186,842.873
502.953,1.344,744.312
504.332,1.230,812.744
505.589,1.216,822.182
506.868,2.842,351.849
509.767,3.882,257.600
513.699,1.246,802.324
514.976,1.261,792.923
516.265,1.401,713.973
517.707,1.501,666.252
519.277,1.717,582.328
521.033,1.814,551.361
522.892,1.915,522.127
524.888,3.861,258.999
528.818,1.205,829.924
530.048,1.390,719.267
531.474,1.371,729.562
532.884,1.210,826.203
534.117,1.233,811.348
535.385,1.325,754.460
536.751,1.384,722.609
538.174,1.802,554.961
540.010,2.750,363.626
542.822,3.397,294.413
546.254,2.461,406.309
548.768,1.327,753.479
550.139,1.408,709.983
551.598,1.270,787.658
552.906,1.236,808.967
554.174,1.320,757.629
555.581,1.214,823.628
556.876,2.556,391.162
559.544,3.689,271.067
563.275,2.363,423.262
565.690,1.342,745.377
567.079,1.321,756.989
568.437,1.452,688.938
569.938,1.194,837.682
571.185,1.253,798.067
572.535,1.539,649.764
574.138,5.153,194.046
579.330,2.307,433.446
581.684,1.205,829.924
582.926,1.398,715.536
584.371,1.305,766.142
585.717,1.218,821.268
586.971,1.376,726.740
588.388,1.268,788.627
589.690,2.078,481.299
591.846,4.315,231.759
596.221,1.244,803.706
597.532,1.447,691.258
599.012,1.263,791.951
600.308,1.282,780.130
601.630,1.283,779.172
602.951,1.282,780.168
604.266,1.416,705.980
605.732,1.302,767.798
607.075,2.646,377.872
609.788,3.457,289.300
613.305,1.248,801.049
614.596,1.502,665.713
616.148,1.386,721.251
617.578,1.157,864.081
618.773,1.305,766.407
620.125,1.282,779.779
621.458,1.340,746.349
622.839,1.523,656.605
624.414,4.780,209.211
629.210,1.260,793.542
630.557,1.215,823.143
631.814,1.396,716.077
633.269,1.224,816.871
634.547,1.222,818.206
635.806,1.339,747.064
637.218,1.592,628.203
638.848,1.295,771.967
640.203,2.645,378.009
642.905,3.547,281.930
646.527,1.083,923.537
647.651,1.361,734.547
649.055,1.297,771.149
650.396,1.273,785.524
651.704,1.209,827.444
652.941,1.326,754.248
654.319,1.282,779.929
655.647,1.400,714.102
657.092,2.816,355.137
659.942,3.405,293.667
663.412,1.230,812.746
664.704,1.248,801.255
666.011,1.365,732.775
667.421,1.281,780.677
668.742,1.357,737.073
670.137,1.297,771.108
671.470,1.326,753.949
672.839,2.095,477.229
674.998,3.882,257.604
678.936,1.272,786.059
680.254,1.427,700.587
681.731,1.252,798.851
683.027,1.674,597.398
684.744,1.106,903.831
685.899,1.238,807.778
687.203,1.333,750.267
688.586,1.216,822.573
689.840,2.610,383.178
692.538,3.441,290.599
696.034,1.201,832.648
697.270,1.424,702.330
698.756,1.190,840.369
699.994,1.581,632.669
701.626,1.115,897.255
702.762,1.350,740.662
704.148,1.362,734.032
705.563,1.282,780.193
706.888,2.779,359.905
709.732,3.796,263.416
713.585,1.463,683.684
715.103,1.900,526.200
717.044,1.702,587.447
718.787,1.271,786.947
720.086,1.509,662.800
721.641,1.662,601.623
723.343,2.689,371.950
726.098,3.924,254.845
730.099,1.490,670.971
731.632,1.118,894.346
732.782,1.371,729.637
734.198,1.237,808.237
735.471,1.327,753.366
736.832,1.433,698.021
738.305,1.262,792.293
739.612,1.604,623.549
741.284,4.691,213.171
746.033,1.553,643.885
747.637,1.581,632.402
749.273,1.481,675.433
750.783,1.588,629.728
752.419,1.591,628.675
754.052,1.775,563.411
755.882,2.436,410.446
758.379,5.303,188.573
763.721,1.532,652.681
765.327,1.778,562.561
767.150,1.564,639.213
768.755,1.664,600.951
770.457,1.636,611.284
772.132,1.656,604.027
773.823,5.771,173.267
779.644,1.612,620.220
781.293,1.625,615.204
782.954,1.508,663.071
784.495,1.683,594.152
786.205,1.803,554.590
788.039,1.633,612.490
789.698,3.019,331.246
792.769,4.619,216.486
797.434,1.479,676.108
798.957,1.832,545.867
800.847,1.712,584.263
802.602,1.827,547.456
804.486,1.529,654.095
806.048,2.095,477.231
808.215,5.455,183.322
813.719,1.463,683.435
815.215,1.639,610.080
816.894,1.408,710.048
818.334,1.693,590.638
820.062,1.750,571.582
821.850,1.544,647.509
823.434,3.137,318.741
826.635,4.283,233.477
830.969,1.472,679.415
832.495,1.572,636.252
834.100,1.537,650.486
835.677,1.674,597.353
837.388,1.597,626.295
839.045,1.754,569.997
840.845,5.512,181.420
846.398,1.602,624.236
848.045,1.701,588.018
849.800,1.643,608.578
851.476,1.452,688.473
852.967,1.570,637.049
854.577,1.440,694.458
856.051,1.920,520.896
858.022,4.808,207.986
862.884,1.469,680.842
864.391,1.584,631.193
866.011,1.520,657.683
867.582,1.561,640.774
869.198,1.516,659.779
870.755,1.521,657.325
872.309,1.701,587.931
874.046,5.556,179.981
879.651,1.391,718.912
881.077,1.474,678.588
882.620,1.365,732.535
884.028,1.571,636.566
885.644,1.468,681.189
887.177,1.653,604.960
888.861,1.423,702.897
890.328,2.929,341.436
893.290,4.063,246.110
897.394,1.360,735.548
898.784,1.598,625.752
900.430,1.740,574.565
902.209,1.516,659.584
903.774,1.672,597.953
905.547,1.503,665.193
907.082,5.735,174.378
912.859,1.483,674.191
914.375,2.268,440.858
916.705,1.257,795.337
917.992,1.755,569.756
919.790,2.165,461.898
922.001,1.916,521.817
923.956,2.982,335.357
926.993,4.185,238.926
931.461,1.906,524.753
933.423,1.733,576.936
935.208,1.679,595.703
936.925,1.366,732.183
938.322,1.564,639.563
939.923,3.204,312.120
943.160,3.835,260.784
947.049,1.556,642.707
948.661,1.409,709.507
950.108,1.574,635.368
951.735,1.553,643.817
953.326,1.702,587.559
955.065,1.616,618.768
956.723,3.069,325.817
959.829,3.986,250.879
963.871,1.441,694.081
965.349,1.572,636.253
966.960,1.679,595.630
968.680,1.526,655.412
970.261,1.639,610.241
971.910,1.892,528.671
973.849,5.339,187.305
979.224,1.492,670.281
980.749,1.590,628.759
982.396,1.742,574.057
984.168,1.762,567.399
985.976,1.756,569.412
987.760,1.565,639.121
989.354,3.027,330.316
992.442,3.963,252.359
996.448,1.709,584.985
998.203,1.678,596.036
999.930,1.978,505.677
1001.940,1.344,743.809
1003.315,1.834,545.262
1005.183,1.522,657.016
1006.742,3.433,291.250
1010.220,3.467,288.409
1013.738,1.330,751.623
1015.112,1.574,635.262
1016.737,1.537,650.418
1018.318,1.822,548.982
1020.199,1.765,566.656
1022.010,1.605,623.140
1023.690,2.797,357.478
1026.592,3.350,298.507
1030.015,1.600,625.180
1031.666,1.497,667.906
1033.216,1.511,661.993
1034.777,1.527,654.932
1036.359,1.651,605.716
1038.051,1.648,606.902
1039.750,2.932,341.063
1042.725,3.253,307.393
1046.063,1.576,634.583
1047.690,1.414,707.002
1049.150,1.553,643.865
1050.756,1.358,736.259
1052.157,1.722,580.647
1053.921,1.693,590.551
1055.677,1.581,632.421
1057.321,5.051,197.994
1062.414,1.626,615.095
1064.100,1.526,655.158
1065.674,1.506,663.969
1067.229,2.163,462.294
1069.426,1.236,808.762
1070.692,1.387,720.734
1072.117,1.529,654.074
1073.694,2.764,361.807
1076.552,3.741,267.316
1080.339,1.571,636.703
1081.960,1.456,686.779
1083.451,1.533,652.255
1085.034,2.336,428.056
1087.430,1.466,682.042
1088.925,2.090,478.573
1091.075,5.610,178.239
1096.748,1.621,616.983
1098.407,1.927,518.961
1100.378,1.843,542.506
1102.273,2.056,486.273
1104.367,2.010,497.572
1106.430,3.024,330.679
1109.552,4.311,231.954
1113.912,2.272,440.183
1116.224,2.172,460.493
1118.453,1.861,537.239
1120.352,1.771,564.794
1122.161,2.142,466.782
1124.364,5.386,185.678
1129.798,1.441,693.839
1131.269,1.413,707.953
1132.708,1.183,845.564
1133.914,1.390,719.662
1135.345,1.289,776.003
1136.671,1.325,754.519
1138.024,1.456,686.900
1139.539,2.141,467.000
1141.738,3.375,296.290
1145.156,1.266,789.999
1146.466,1.334,749.861
1147.833,1.265,790.429
1149.136,1.226,815.729
1150.392,1.305,766.227
1151.725,1.263,791.715
1153.018,1.424,702.250
1154.468,1.210,826.680
1155.725,1.284,779.058
1157.046,4.816,207.661
1161.885,1.127,887.162
1163.049,1.400,714.297
1164.492,1.232,811.864
1165.749,1.247,801.763
1167.026,1.311,762.621
1168.375,1.282,779.750
1169.697,1.454,687.758
1171.188,1.159,862.508
1172.374,1.303,767.752
1173.706,4.816,207.636
1178.568,1.081,925.398
1179.676,1.498,667.433
1181.219,1.166,857.832
1182.408,1.302,767.978
1183.755,1.367,731.719
1185.152,1.276,783.465
1186.483,1.419,704.864
1187.909,1.311,762.927
1189.251,1.457,686.401
1190.746,4.673,214.017
1195.450,1.115,897.207
1196.600,1.448,690.474
1198.090,1.196,836.150
1199.313,1.358,736.491
1200.701,1.283,779.583
1202.018,1.425,701.834
1203.478,1.403,712.669
1204.909,1.251,799.493
1206.187,2.207,453.181
1208.475,3.554,281.400
1212.089,1.398,715.498
1213.612,1.283,779.681
1214.920,1.276,783.697
1216.226,1.306,765.710
1217.561,1.275,784.153
1218.886,1.323,756.081
1220.238,1.399,714.597
1221.669,1.254,797.485
1222.951,2.430,411.573
1225.469,3.554,281.386
1229.067,1.358,736.584
1230.456,1.568,637.756
1232.051,1.387,720.767
1233.466,1.345,743.667
1234.832,1.398,715.134
1236.267,1.432,698.453
1237.723,1.472,679.271
1239.220,1.446,691.471
1240.696,5.156,193.934
1245.894,1.563,639.835
1247.631,1.348,741.994
1249.016,1.420,704.455
1250.467,1.374,727.673
1251.867,1.380,724.439
1253.280,1.474,678.209
1254.781,1.415,706.593
1256.221,2.513,397.861
1258.804,3.487,286.778
1262.333,1.393,717.754
1263.763,1.408,710.212
1265.207,1.426,701.268
1266.667,1.342,745.048
1268.058,1.354,738.326
1269.451,1.301,768.861
1270.778,1.339,746.702
1272.157,1.369,730.306
1273.564,4.897,204.226
1278.495,1.193,838.019
1279.721,1.224,817.307
1280.975,1.318,758.530
1282.325,1.322,756.589
1283.681,1.354,738.350
1285.075,1.250,800.218
1286.365,1.465,682.447
1287.863,1.377,726.399
1289.272,1.474,678.624
1290.784,4.959,201.659
1295.762,1.073,932.095
1296.864,1.288,776.668
1298.188,1.464,682.839
1299.686,1.254,797.399
1300.965,1.727,579.192
1302.724,1.184,844.634
1303.934,1.289,776.076
1305.256,1.385,721.947
1306.680,2.681,372.998
1309.426,3.247,307.985
1312.720,1.096,912.095
1313.846,1.319,758.097
1315.202,1.435,696.793
1316.679,1.284,778.597
1317.988,1.387,720.894
1319.412,1.331,751.186
1320.764,1.356,737.354
1322.151,1.450,689.671
1323.648,2.660,375.913
1326.350,3.406,293.628
1329.793,1.258,794.659
1331.081,1.285,778.456
1332.402,1.515,660.107
1333.945,1.538,650.150
1335.543,1.725,579.838
1337.306,1.150,869.850
1338.485,1.359,735.745
1339.884,2.520,396.819
1342.454,3.270,305.812
1345.785,1.263,791.935
1347.075,1.241,805.836
1348.348,1.277,783.073
1349.663,1.254,797.337
1350.961,1.312,761.931
1352.316,1.479,675.961
1353.833,1.161,861.534
1355.026,1.298,770.387
1356.364,2.492,401.330
1358.921,3.271,305.704
1362.233,1.405,711.826
1363.679,1.223,817.953
1364.942,1.298,770.602
1366.278,1.379,725.100
1367.698,1.232,811.401
1368.967,1.394,717.225
1370.395,1.287,776.835
1371.726,1.250,800.161
1373.017,2.575,388.397
1375.655,3.317,301.458
1379.015,1.286,777.568
1380.328,1.317,759.492
1381.673,1.193,838.474
1382.895,1.321,756.885
1384.254,1.378,725.494
1385.695,1.335,749.283
1387.094,1.181,846.875
1388.298,1.327,753.617
1389.654,2.296,435.467
1392.002,3.441,290.626
1395.484,1.312,762.167
1396.829,1.176,850.305
1398.036,1.300,769.214
1399.369,1.291,774.306
1400.696,1.243,804.294
1401.968,1.347,742.599
1403.338,1.270,787.247
1404.636,1.277,782.998
1405.953,1.400,714.057
1407.417,4.724,211.678
1412.180,1.216,822.480
1413.425,1.197,835.332
1414.650,1.313,761.618
1416.004,1.255,796.533
1417.290,1.298,770.576
1418.630,1.307,765.225
1419.979,1.240,806.331
1421.254,1.225,816.073
1422.553,1.382,723.781
1423.966,4.805,208.116
1428.804,1.160,861.906
1429.992,1.268,788.551
1431.302,1.340,746.197
1432.672,1.332,750.821
1434.027,1.457,686.120
1435.553,1.313,761.331
1436.900,1.300,769.161
1438.236,1.297,771.162
1439.583,1.706,586.331
1441.360,4.434,225.517
1445.832,1.181,847.058
1447.035,1.350,740.596
1448.414,1.237,808.558
1449.680,1.204,830.842
1450.918,1.306,765.880
1452.260,1.419,704.962
1453.710,1.263,792.073
1454.999,1.287,776.706
1456.317,2.573,388.716
1458.938,3.213,311.204
1462.195,1.474,678.598
1463.712,1.261,792.737
1465.007,1.320,757.739
1466.356,1.266,789.728
1467.667,1.404,712.129
1469.129,1.307,765.113
1470.465,1.240,806.509
1471.745,1.275,784.244
1473.052,2.873,348.103
1475.939,2.915,343.052
1478.903,1.424,702.290
1480.365,1.261,792.874
1481.659,1.385,721.777
1483.086,1.231,812.036
1484.349,1.455,687.209
1485.851,1.377,726.029
1487.272,1.440,694.219
1488.741,1.404,712.265
1490.197,2.930,341.346
1493.184,3.238,308.795
1496.479,1.336,748.681
1497.840,1.257,795.797
1499.124,1.283,779.563
1500.450,1.496,668.489
1501.988,1.332,750.972
1503.347,1.500,666.516
1504.880,1.231,812.560
1506.144,2.138,467.643
1508.334,4.543,220.124
1512.911,1.164,858.902
1514.109,1.324,755.072
1515.491,1.227,814.814
1516.769,1.297,770.976
1518.105,1.258,794.945
1519.391,1.284,779.063
1520.711,1.342,744.945
1522.082,1.495,668.860
1523.622,2.604,384.084
1526.277,3.145,317.933
1529.478,1.215,823.094
1530.722,1.430,699.326
1532.188,1.242,805.403
1533.463,1.266,790.160
1534.764,1.211,825.442
1536.008,1.569,637.339
1537.621,1.520,658.024
1539.182,1.191,839.720
1540.400,4.873,205.230
1545.302,1.087,919.984
1546.424,1.238,807.715
1547.700,1.334,749.625
1549.060,1.244,803.756
1550.331,1.334,749.855
1551.697,1.240,806.216
1552.964,1.275,784.047
1554.272,1.513,660.985
1555.810,1.253,798.008
1557.088,5.155,193.995
1562.269,1.318,758.743
1563.638,1.502,665.677
1565.179,1.520,657.745
1566.737,1.252,798.550
1568.026,1.325,754.481
1569.379,1.350,740.707
1570.758,1.426,701.176
1572.212,1.644,608.254
1573.885,4.900,204.070
1578.812,1.260,793.912
1580.105,1.329,752.609
1581.479,1.255,796.563
1582.767,1.351,740.118
1584.381,1.832,545.857
1586.262,1.508,663.342
1587.803,1.578,633.856
1589.423,2.339,427.531
1591.808,3.339,299.458
1595.181,1.210,826.759
1596.419,1.503,665.417
1597.966,1.306,765.940
1599.280,1.514,660.511
1600.830,1.361,734.797
1602.230,1.217,821.820
1603.472,1.264,791.415
1604.773,1.312,762.307
1606.130,2.789,358.506
1608.960,3.254,307.289
1612.266,1.199,834.054
1613.494,1.332,750.782
1614.861,1.327,753.722
1616.229,1.403,712.711
1617.673,1.289,775.621
1618.984,1.330,751.707
1620.342,1.408,710.119
1621.783,1.255,796.981
1623.071,2.416,413.883
1625.583,3.647,274.227
1629.269,1.382,723.791
1630.686,1.238,807.963
1631.956,1.353,739.323
1633.345,1.483,674.269
1634.859,1.475,677.814
1636.362,1.242,805.180
1637.636,1.206,829.309
1638.868,1.506,664.226
1640.412,2.835,352.705
1643.294,3.786,264.141
1647.129,1.439,694.803
1648.619,1.564,639.240
1650.221,1.693,590.842
1651.950,1.528,654.280
1653.575,1.634,611.945
1655.238,1.708,585.467
1656.980,5.641,177.287
1662.672,2.084,479.828
1664.797,1.451,689.103
1666.293,1.615,619.028
1667.962,1.452,688.879
1669.444,1.719,581.859
1671.208,1.723,580.259
1672.981,2.596,385.146
1675.644,4.065,246.005
1679.766,1.339,746.605
1681.143,1.679,595.698
1682.857,1.741,574.415
1684.655,1.428,700.359
1686.113,1.799,555.759
1687.965,1.435,696.694
1689.428,2.777,360.111
1692.285,4.341,230.381
1696.699,1.687,592.622
1698.426,1.759,568.590
1700.233,1.881,531.525
1702.158,1.431,698.605
1703.634,1.689,592.119
1705.359,1.776,563.097
1707.182,4.918,203.342
1712.138,1.304,766.587
1713.483,1.612,620.464
1715.149,1.523,656.735
1716.737,1.399,715.007
1718.188,1.668,599.362
1719.889,1.328,753.097
1721.244,1.445,691.911
1722.720,2.623,381.174
1725.415,3.674,272.154
1729.137,1.594,627.227
1730.775,1.409,709.629
1732.228,1.584,631.285
1733.857,1.480,675.783
1735.375,1.642,608.872
1737.088,1.621,616.943
1738.749,1.553,643.841
1740.333,5.779,173.039
1746.153,1.476,677.362
1747.679,1.447,691.171
1749.190,1.633,612.341
1750.859,1.514,660.650
1752.422,1.532,652.889
1753.984,1.494,669.259
1755.545,1.809,552.668
1757.397,5.519,181.195
1762.948,1.456,686.997
1764.437,1.671,598.357
1766.148,1.561,640.720
1767.748,1.607,622.165
1769.385,1.617,618.530
1771.057,1.493,669.623
1772.605,2.205,453.585
1774.864,4.850,206.199
1779.773,1.324,755.388
1781.133,1.688,592.247
1782.868,1.495,668.738
1784.401,1.564,639.220
1786.001,1.651,605.575
1787.723,1.541,648.737
1789.304,2.536,394.367
1791.898,4.263,234.553
1796.199,1.556,642.665
1797.805,1.537,650.696
1799.388,1.618,617.916
1801.055,1.674,597.326
1802.770,1.530,653.467
1804.331,1.544,647.759
1805.912,2.280,438.681
1808.253,4.515,221.467
1812.828,1.527,655.063
1814.389,1.560,641.110
1815.981,1.554,643.459
1817.584,1.514,660.474
1819.135,1.484,673.921
1820.663,1.682,594.620
1822.392,1.598,625.690
1824.023,5.284,189.235
1829.339,1.404,712.172
1830.779,1.682,594.462
1832.590,1.478,676.795
1834.100,1.436,696.199
1835.575,1.509,662.691
1837.126,1.572,636.016
1838.736,1.612,620.383
1840.388,5.590,178.900
1846.007,1.466,682.226
1847.578,1.622,616.401
1849.245,1.552,644.485
1850.840,1.485,673.253
1852.365,1.686,593.216
1854.079,1.466,682.051
1855.578,1.620,617.254
1857.235,5.668,176.419
1862.951,1.793,557.774
1864.786,1.634,612.173
1866.461,1.631,612.974
1868.125,1.675,597.063
1869.841,1.610,621.093
1871.574,1.588,629.679
1873.201,2.911,343.534
1876.159,3.452,289.726
1879.648,1.225,816.508
1880.897,1.380,724.488
1882.318,1.325,754.793
1883.671,1.423,702.650
1885.129,1.260,793.690
1886.418,1.381,724.031
1887.822,1.321,757.149
1889.182,1.484,673.703
1890.703,4.779,209.234
1895.536,1.162,860.855
1896.730,1.223,817.555
1897.990,1.337,747.964
1899.372,1.399,714.755
1900.805,1.861,537.218
1902.717,1.320,757.314
1904.073,1.544,647.463
1905.682,1.736,575.958
1907.489,4.956,201.772
1912.476,1.236,808.861
1913.737,1.372,728.803
1915.139,1.207,828.519
1916.368,1.645,607.997
1918.072,1.589,629.451
1919.718,1.354,738.528
1921.105,1.373,728.135
1922.579,1.605,623.103
1924.218,5.121,195.270
1929.363,1.307,765.283
1930.711,1.414,707.207
1932.153,1.516,659.716
1933.701,1.298,770.331
1935.025,1.436,696.334
1936.495,1.412,708.367
1937.951,1.703,587.217
1939.692,2.518,397.156
1942.267,3.083,324.349
1945.392,1.407,710.945
1946.839,1.412,708.282
1948.287,1.605,623.231
1949.941,1.300,769.481
1951.273,1.786,559.967
1953.107,1.597,626.226
1954.749,1.341,745.862
1956.117,2.700,370.408
1958.869,3.558,281.018
1962.496,1.486,673.095
1964.031,1.310,763.391
1965.385,1.289,775.710
1966.712,1.594,627.466
1968.339,1.309,763.807
1969.683,1.443,693.060
1971.159,1.537,650.571
1972.733,2.101,476.034
1974.904,3.967,252.089
1978.919,1.407,710.803
1980.359,1.593,627.909
1982.002,1.453,688.210
1983.587,1.377,726.349
1984.998,1.665,600.650
1986.704,1.164,859.369
1987.898,1.294,772.868
1989.224,1.602,624.414
1990.882,4.736,211.162
1995.660,1.128,886.407
1996.813,1.195,836.660
1998.037,1.303,767.601
1999.371,1.637,610.844
2001.052,1.275,784.249
2002.367,1.661,602.011
2004.066,1.186,843.292
2005.283,1.318,758.919
2006.629,2.762,362.004
2009.431,3.539,282.529
2013.024,1.640,609.817
2014.711,1.337,747.906
2016.095,1.310,763.416
2017.441,1.474,678.450
2018.948,1.443,692.928
2020.439,1.605,623.162
2022.096,1.449,689.963
2023.595,2.880,347.212
2026.590,3.497,285.972
2030.150,1.408,710.113
2031.593,1.632,612.737
2033.268,1.591,628.397
2034.892,1.740,574.714
2036.678,1.404,712.346
2038.119,1.558,641.859
2039.722,2.505,399.209
2042.273,3.312,301.949
2045.637,1.305,766.431
2046.986,1.350,740.881
2048.386,1.257,795.638
2049.676,1.288,776.177
2050.993,1.261,793.187
2052.276,1.275,784.437
2053.594,1.227,814.975
2054.850,1.371,729.604
2056.269,2.311,432.768
2058.630,3.221,310.484
2061.920,1.335,749.278
2063.294,1.403,712.813
2064.741,1.318,758.760
2066.106,1.380,724.758
2067.557,1.178,849.193
2068.770,1.219,820.322
2070.025,1.271,786.578
2071.329,1.328,753.242
2072.691,1.878,532.469
2074.608,3.796,263.402
2078.452,1.238,807.983
2079.723,1.384,722.471
2081.144,1.279,781.673
2082.453,1.357,736.822
2083.850,1.169,855.665
2085.071,1.304,766.926
2086.406,1.293,773.632
2087.728,1.379,725.358
2089.143,1.477,677.253
2090.664,4.671,214.092
2095.369,1.088,919.326
2096.484,1.326,754.271
2097.856,1.427,700.750
2099.328,1.347,742.542
2100.704,1.225,816.579
2101.959,1.272,786.047
2103.267,1.372,728.814
2104.674,1.214,823.713
2105.915,2.171,460.525
2108.131,3.442,290.513
2111.609,1.184,844.395
2112.822,1.402,713.248
2114.268,1.303,767.629
2115.614,1.514,660.396
2117.169,1.525,655.809
2118.749,1.565,638.806
2120.409,1.650,606.143
2122.093,1.125,888.528
2123.278,2.676,373.700
2126.011,3.268,306.037
2129.333,1.293,773.496
2130.700,1.252,798.979
2131.990,1.229,813.668
2133.259,1.386,721.684
2134.678,1.248,801.070
2135.957,1.266,790.041
2137.258,1.621,616.722
2138.941,1.262,792.462
2140.250,4.846,206.369
2145.130,1.105,905.274
2146.286,1.205,829.908
2147.602,1.242,805.085
2148.886,1.309,763.683
2150.246,1.438,695.451
2151.749,1.289,775.549
2153.069,1.319,757.947
2154.418,1.368,730.902
2155.803,1.605,622.951
2157.450,4.349,229.944
2161.849,1.280,781.243
2163.166,1.239,807.301
2164.441,1.308,764.348
2165.799,1.317,759.113
2167.161,1.408,710.172
2168.608,1.171,853.756
2169.811,1.267,789.398
2171.112,1.324,755.212
2172.471,1.867,535.594
2174.380,4.022,248.649
2178.438,1.181,846.397
2179.657,1.233,810.759
2180.923,1.271,786.796
2182.231,1.334,749.425
2183.608,1.376,726.758
2185.013,1.185,843.998
2186.235,1.242,805.006
2187.556,1.252,798.757
2188.845,1.353,738.898
2190.238,4.858,205.851
2195.128,1.188,842.024
2196.347,1.336,748.262
2197.738,1.186,843.250
2198.955,1.258,795.100
2200.256,1.569,637.510
2201.864,1.169,855.478
2203.064,1.255,796.970
2204.353,1.469,680.858
2205.855,1.324,755.383
2207.236,4.811,207.852
2212.087,1.152,868.042
2213.275,1.195,836.983
2214.613,1.197,835.074
2215.847,1.382,723.674
2217.265,1.315,760.427
2218.624,1.187,842.518
2219.845,1.248,801.278
2221.125,1.295,772.439
2222.464,1.352,739.895
2223.863,4.794,208.599
2228.688,1.032,969.360
2229.747,1.351,740.389
2231.167,1.466,682.081
2232.673,1.168,856.196
2233.880,1.330,752.141
2235.253,1.205,829.716
2236.494,1.370,730.117
2237.902,1.375,727.395
2239.315,1.699,588.603
2241.062,4.238,235.964
2245.355,1.332,750.794
2246.733,1.379,725.132
2248.408,1.720,581.471
2250.169,1.704,586.807
2251.910,1.444,692.338
2253.387,1.284,778.922
2254.711,1.342,745.258
2256.096,2.191,456.311
2258.337,3.407,293.525
2261.798,1.336,748.342
2263.186,1.441,693.774
2264.677,1.255,796.747
2265.977,1.357,736.945
2267.367,1.258,794.693
2268.663,1.495,668.852
2270.191,1.239,806.818
2271.461,1.315,760.725
2272.817,2.312,432.545
2275.167,3.488,286.736
2278.710,1.466,682.113
2280.208,1.379,725.113
2281.633,1.279,781.871
2282.958,1.335,749.031
2284.334,1.368,730.891
2285.736,1.428,700.067
2287.203,1.429,699.684
2288.667,1.240,806.598
2289.968,2.761,362.146
2292.766,3.362,297.477
2296.173,1.484,673.785
2297.697,1.334,749.459
2299.075,1.407,710.982
2300.603,1.328,752.752
2301.955,1.368,730.956
2303.364,1.405,711.606
2304.794,1.363,733.483
2306.188,2.601,384.515
2308.834,3.524,283.795
2312.411,1.405,711.597
2313.892,1.446,691.548
2315.380,1.318,758.999
2316.727,1.330,751.885
2318.095,1.449,690.202
2319.611,1.322,756.356
2320.985,1.352,739.518
2322.372,1.605,623.194
2324.023,4.910,203.684
2328.959,1.222,818.451
2330.231,1.187,842.550
2331.450,1.383,723.117
2332.877,1.368,731.215
2334.294,1.313,761.352
2335.639,1.412,708.279
2337.085,1.354,738.631
2338.468,1.401,713.590
2339.898,2.458,406.829
2342.401,3.388,295.200
2345.833,1.250,799.864
2347.118,1.263,791.880
2348.416,1.363,733.700
2349.826,1.184,844.384
2351.067,1.247,801.873
2352.364,1.338,747.142
2353.744,1.314,761.033
2355.107,1.370,729.679
2356.528,2.356,424.495
2358.919,3.397,294.354
2362.348,1.367,731.320
2363.757,1.271,786.666
2365.070,1.496,668.433
2366.607,1.135,880.865
2367.764,1.356,737.258
2369.161,1.325,754.553
2370.568,1.264,791.294
2371.871,1.358,736.358
2373.293,2.620,381.671
2375.972,3.256,307.145
2379.265,1.337,748.091
2380.634,1.255,796.824
2381.922,1.363,733.616
2383.316,1.325,754.833
2384.667,1.296,771.479
2385.985,1.409,709.525
2387.426,1.328,752.847
2388.769,1.528,654.332
2390.329,4.782,209.109
2395.138,1.258,795.049
2396.424,1.486,673.158
2397.957,1.270,787.132
2399.257,1.447,691.176
2400.727,1.273,785.542
2402.027,1.272,786.114
2403.331,1.380,724.543
2404.744,1.622,616.405
2406.418,2.797,357.568
2409.259,3.195,312.948
2412.491,1.408,710.446
2413.932,1.407,710.930
2415.378,1.261,792.883
2416.667,1.369,730.381
2418.063,1.309,763.681
2419.402,1.308,764.267
2420.724,1.394,717.151
2422.164,1.510,662.130
2423.706,4.929,202.862
2428.672,1.199,834.328
2429.902,1.347,742.560
2431.286,1.427,700.616
2432.763,1.155,865.456
2433.953,1.366,732.316
2435.348,1.308,764.504
2436.686,1.226,815.440
2437.940,1.347,742.417
2439.321,2.780,359.741
2442.164,3.374,296.423
2445.579,1.253,798.206
2446.864,1.338,747.466
2448.260,1.377,726.375
2449.679,1.277,783.316
2451.006,1.481,675.285
2452.545,1.272,786.098
2453.832,1.345,743.300
2455.210,1.485,673.502
2456.729,2.937,340.446
2459.727,3.272,305.621
2463.035,1.251,799.430
2464.319,1.311,762.795
2465.661,1.408,710.016
2467.105,1.279,781.904
2468.415,1.332,750.609
2469.758,1.379,724.992
2471.164,1.308,764.781
2472.497,1.489,671.396
2474.026,4.874,205.181
2478.941,1.156,864.830
2480.126,1.238,807.964
2481.402,1.269,787.777
2482.709,1.252,798.878
2483.998,1.325,754.933
2485.356,1.385,722.223
2486.767,1.259,793.995
2488.057,1.331,751.327
2489.420,2.404,415.991
2491.881,3.452,289.693
2495.375,1.394,717.311
2496.802,1.307,764.983
2498.142,1.274,785.225
2499.451,1.290,775.056
2500.775,1.417,705.785
2502.241,1.647,607.173
2503.924,1.255,796.511
2505.211,1.549,645.615
2506.804,3.078,324.891
2509.905,3.071,325.645
2513.017,1.359,735.593
2514.414,1.401,713.721
2515.858,1.228,814.072
2517.118,1.300,769.508
2518.459,1.344,743.835
2519.865,1.334,749.631
2521.237,1.311,762.544
2522.586,1.382,723.766
2524.028,4.700,212.777
2528.760,1.139,878.224
2529.942,1.307,764.952
2531.284,1.277,783.266
2532.590,1.227,815.048
2533.849,1.336,748.768
2535.228,1.401,713.905
2536.657,1.306,765.950
2537.991,1.251,799.298
2539.279,1.491,670.512
2540.816,4.284,233.407
2545.147,1.385,722.161
2546.571,1.309,763.660
2547.911,1.257,795.503
2549.195,1.261,793.320
2550.485,1.331,751.213
2551.849,1.316,759.790
2553.197,1.448,690.489
2554.682,1.287,776.978
2555.999,2.348,425.969
2558.396,3.445,290.275
2561.913,1.317,759.463
2563.261,1.404,712.081
2564.698,1.294,772.660
2566.028,1.256,796.031
2567.323,1.471,679.910
2568.828,1.283,779.428
2570.148,1.475,678.155
2571.671,1.184,844.470
2572.888,2.275,439.513
2575.210,3.702,270.160
2578.963,1.363,733.808
2580.373,1.329,752.607
2581.736,1.216,822.678
2582.984,1.247,802.245
2584.257,1.288,776.484
2585.590,1.296,771.708
2586.909,1.405,711.526
2588.348,1.318,758.530
2589.702,2.519,397.004
2592.267,3.514,284.548
2595.846,1.271,786.569
2597.180,1.525,655.677
2598.741,1.293,773.489
2600.076,1.259,794.458
2601.356,1.284,778.854
2602.678,1.241,805.941
2603.950,1.366,731.815
2605.347,1.264,791.017
2606.650,2.576,388.189
2609.293,3.410,293.259
2612.758,1.322,756.636
2614.118,1.448,690.405
2615.609,1.229,813.713
2616.877,1.469,680.574
2618.389,1.259,794.532
2619.678,1.281,780.886
2620.989,1.457,686.118
2622.481,1.318,758.869
2623.829,4.819,207.493
2628.678,1.230,813.083
2629.937,1.324,755.192
2631.299,1.516,659.731
2632.846,1.184,844.769
2634.063,1.280,781.047
2635.374,1.323,755.691
2636.736,1.283,779.209
2638.060,1.349,741.489
2639.436,2.157,463.708
2641.644,3.560,280.862
2645.249,1.281,780.810
2646.563,1.275,784.213
2647.877,1.490,671.073
2649.400,1.271,786.846
2650.701,1.406,711.131
2652.153,1.383,722.877
2653.577,1.453,688.437
2655.058,1.499,667.272
2656.652,2.449,408.265
2659.153,3.306,302.500
2662.567,1.206,829.394
2663.826,1.536,651.123
2665.402,1.353,739.309
2666.779,1.237,808.614
2668.043,1.254,797.591
2669.328,1.338,747.633
2670.698,1.221,818.808
2671.948,1.390,719.442
2673.371,2.618,381.985
2676.031,3.335,299.810
2679.405,1.286,777.644
2680.728,1.217,822.020
2681.983,1.341,745.604
2683.353,1.267,789.088
2684.647,1.317,759.281
2686.007,1.236,809.080
2687.267,1.262,792.499
2688.574,1.379,724.974
2689.990,2.376,420.806
2692.416,3.375,296.301
2695.860,1.186,843.388
2697.075,1.255,797.130
2698.377,1.374,727.629
2699.779,1.304,766.955
2701.117,1.232,811.997
2702.376,1.299,769.927
2703.698,1.284,778.755
2705.007,1.341,745.652
2706.378,2.599,384.792
2709.020,3.283,304.636
2712.345,1.280,781.164
2713.650,1.232,811.870
2714.921,1.402,713.149
2716.358,1.252,798.531
2717.641,1.270,787.522
2718.948,1.424,702.182
2720.405,1.227,814.781
2721.669,1.346,742.873
2723.043,2.774,360.452
2725.869,3.158,316.636
2729.063,1.350,740.979
2730.438,1.378,725.584
2731.854,1.438,695.301
2733.325,1.337,747.857
2734.698,1.292,773.778
2736.016,1.347,742.366
2737.402,1.488,672.176
2738.932,1.484,673.913
2740.456,4.885,204.713
2745.381,1.198,834.782
2746.638,1.354,738.402
2748.031,1.465,682.596
2749.585,1.433,697.658
2751.045,1.227,815.145
2752.319,1.359,735.920
2753.707,1.323,756.139
2755.063,1.331,751.197
2756.429,2.684,372.560
2759.168,3.587,278.751
2762.814,1.262,792.138
2764.100,1.455,687.435
2765.593,1.319,758.245
2766.955,1.389,719.711
2768.372,1.270,787.304
2769.666,1.353,739.345
2771.044,1.346,743.179
2772.424,1.443,693.202
2773.902,4.872,205.239
2778.813,1.132,883.426
2779.973,1.321,757.173
2781.338,1.445,691.841
2782.817,1.282,780.121
2784.127,1.423,702.880
2785.582,1.404,712.032
2787.024,1.323,756.092
2788.377,1.305,766.109
2789.718,2.864,349.192
2792.634,3.535,282.914
2796.212,1.178,848.602
2797.427,1.245,803.276
2798.701,1.384,722.647
2800.130,1.269,788.193
2801.431,1.759,568.502
2803.217,1.146,872.239
2804.395,1.293,773.341
2805.727,1.342,744.979
2807.112,4.997,200.121
2812.146,1.221,818.861
2813.393,1.223,817.685
2814.642,1.258,795.139
2815.963,1.249,800.642
2817.254,1.284,778.893
2818.567,1.301,768.686
2819.899,1.236,809.109
2821.162,1.251,799.373
2822.443,1.492,670.315
2823.967,4.968,201.304
2828.974,1.243,804.655
2830.243,1.243,804.366
2831.550,1.239,806.905
2832.816,1.293,773.577
2834.137,1.411,708.786
2835.583,1.322,756.382
2836.940,1.238,807.916
2838.230,1.215,822.931
2839.469,2.525,396.101
2842.051,3.367,296.972
2845.465,1.466,682.292
2846.968,1.280,781.101
2848.280,1.218,821.222
2849.575,1.245,803.104
2850.860,1.269,787.903
2852.168,1.365,732.437
2853.557,1.216,822.351
2854.805,1.268,788.667
2856.107,2.364,422.928
2858.798,3.613,276.748
2862.484,1.522,656.916
2864.037,1.284,778.643
2865.364,1.295,772.048
2866.692,1.415,706.473
2868.146,1.250,800.268
2869.437,1.544,647.748
2871.016,1.182,845.697
2872.230,1.336,748.490
2873.609,4.768,209.746
2878.401,1.265,790.331
2879.697,1.486,673.134
2881.220,1.329,752.592
2882.582,1.230,813.301
2883.835,1.295,772.432
2885.156,1.302,768.018
2886.486,1.487,672.430
2888.001,1.249,800.828
2889.275,1.843,542.456
2891.171,3.866,258.687
2895.089,1.376,726.756
2896.547,1.380,724.535
2897.974,1.263,791.615
2899.269,1.252,798.825
2900.557,1.280,781.546
2901.867,1.281,780.764
2903.176,1.414,707.217
2904.623,1.219,820.266
2905.870,1.508,663.149
2907.418,4.291,233.073
2911.760,1.277,783.305
2913.077,1.623,616.137
2914.735,1.315,760.721
2916.072,1.251,799.676
2917.361,1.381,723.971
2918.772,1.326,754.281
2920.134,1.605,623.055
2921.776,1.166,857.465
2922.971,2.495,400.832
2925.553,3.459,289.121
2929.072,1.285,778.350
2930.393,1.632,612.691
2932.067,1.208,827.678
2933.300,1.748,571.977
2935.102,1.553,643.861
2936.730,1.857,538.565
2938.629,1.331,751.048
